{
	"coord": {
		"lon": -86.73,
		"lat": 36.21
	},
	"weather": [{
		"id": 803,
		"main": "Clouds",
		"description": "broken clouds",
		"icon": "04d"
	}],
	"base": "stations",
	"main": {
		"temp": 297.54,
		"pressure": 1014,
		"humidity": 57,
		"temp_min": 297.15,
		"temp_max": 298.15
	},
	"visibility": 16093,
	"wind": {
		"speed": 6.2,
		"deg": 220,
		"gust": 10.3
	},
	"clouds": {
		"all": 75
	},
	"dt": 1518725700,
	"sys": {
		"type": 1,
		"id": 2533,
		"message": 0.0047,
		"country": "US",
		"sunrise": 1518698005,
		"sunset": 1518737341
	},
	"id": 0,
	"name": "Nashville",
	"cod": 200
}