{
  "colors": [
    {
      "color": "black",
      "category": "hue",
      "type": "primary",
      "code": {
        "rgba": [255,255,255,1],
        "hex": "#000"
      }
    },
    {
      "color": "white",
      "category": "value",
      "type": "primary",
      "code": {
        "rgba": [0,0,0,1],
        "hex": "#FFF"
      }
    },
    {
      "color": "red",
      "category": "hue",
      "type": "primary",
      "code": {
        "rgba": [205,20,20,1],
        "hex": "#CD1414"
      }
    },
    {
      "color": "blue",
      "category": "hue",
      "type": "primary",
      "code": {
        "rgba": [0,0,255,1],
        "hex": "#00F"
      }
    },
    {
      "color": "yellow",
      "category": "hue",
      "type": "primary",
      "code": {
        "rgba": [255,255,0,1],
        "hex": "#FF0"
      }
    },
    {
      "color": "green",
      "category": "hue",
      "type": "secondary",
      "code": {
        "rgba": [0,255,0,1],
        "hex": "#0F0"
      }
    },
    {
      "color": "green sea",
      "category": "hue",
      "type": "tertiary",
      "code": {
        "rgba": [0,171,169,1],
        "hex": "#00ABA9"
      }
    },
    {
      "color": "orange",
      "category": "hue",
      "type": "secondary",
      "code": {
        "rgba": [250,104,0,1],
        "hex": "#FA6800"
      }
    },
    {
     "color": "indigo",
      "category": "hue",
      "type": "tertiary",
      "code": {
        "rgba": [106,0,255,1],
        "hex": "#6A00FF"
      } 
    },
    {
      "color": "crimson",
      "category": "hue",
      "type": "tertiary",
      "code": {
        "rgba": [162,0,37,1],
        "hex": "#A20025"
      }
    },
    {
      "color": "amber",
      "category": "hue",
      "type": "tertiary",
      "code": {
        "rgba": [240,163,10,0],
        "hex": "#F0A30A"
      }
    }
  ]
}